"October 6, 2021 at 06:58AM",Rewilding your attention,"Top highlight To find truly interesting ideas, step away from the algorithmic feeds of Big Tech. Clive Thompson Aug 25 · 6 min read “Wilderness”, by Dr.…",https://uxdesign.cc/rewilding-your-attention-d518ede18855
"October 6, 2021 at 07:02AM","As Massachusetts envisions a fossil fuel-free future, gas companies are quietly investing billions in pipelines - The Boston Globe","More than 21,000 miles of aging gas pipelines lie under the streets in Massachusetts, nearly enough to encircle the earth. When researchers began discovering…",https://www.bostonglobe.com/2021/10/03/science/massachusetts-envisions-fossil-fuel-free-future-gas-companies-are-quietly-investing-billions-pipelines/
"October 6, 2021 at 07:04AM",How the internet transformed climate activism,https://grist.org/climate/how-the-internet-transformed-climate-activism/,https://grist.org/climate/how-the-internet-transformed-climate-activism/
"October 6, 2021 at 07:07AM",The Code of Music — Summer 2021,https://t.co/Z5JEtSbqki?amp=1&s=09,https://medium.com/processing-foundation/the-code-of-music-summer-2021-d61a809a62a9
"October 6, 2021 at 07:15AM",An overabundance of music NFT platforms — and scams - Water & Music,https://t.co/dsmH3NQwun?amp=1&s=09,https://www.waterandmusic.com/an-overabundance-of-music-nft-platforms-and-scams/
"October 11, 2021 at 07:32AM",Return the National Parks to the Tribes,https://www.theatlantic.com/magazine/archive/2021/05/return-the-national-parks-to-the-tribes/618395/,https://www.theatlantic.com/magazine/archive/2021/05/return-the-national-parks-to-the-tribes/618395/
"October 11, 2021 at 07:39AM",The Hidden Subsidy of Fossil Fuels,https://t.co/xueF5Sob5L?amp=1&s=09,https://www.theatlantic.com/science/archive/2019/05/how-much-does-world-subsidize-oil-coal-and-gas/589000/
"October 11, 2021 at 07:46AM",Here's One Way to Help Native Americans: Property Rights,"It’s May, but snow is falling in southeastern Montana as Ivan Small drives me around the Crow and Northern Cheyenne Indian reservations. Small is the principal…",https://www.theatlantic.com/politics/archive/2016/07/native-americans-property-rights/492941/
"October 12, 2021 at 06:42AM","Most Oil Should Stay Underground, Study Finds : NPR",Workers clean a gas station damaged by the remnants of Hurricane Ida in New York City. Scientists warn that 60% of world oil reserves need to stay underground…,https://www.npr.org/2021/09/09/1035250142/to-avoid-extreme-disasters-most-fossil-fuels-should-stay-underground-scientists-
"October 12, 2021 at 06:42AM",Why We’re Experiencing So Many Unusually Hot Summer Nights,Source: NOAA’s Global Historical Climatology Network · Temperature distributions show daily minimum temperatures for the summer months (June-August) in each…,https://www.nytimes.com/interactive/2021/09/13/upshot/up-hot-nights.html
"October 14, 2021 at 08:16AM",The climate colonizer mentality,https://t.co/31VSDTHMdP?amp=1&s=09,https://heated.world/p/the-climate-colonizer-mentality
"October 14, 2021 at 08:19AM",When Will We Have the Last Oil Spill?,…,https://www.newyorker.com/news/daily-comment/when-will-we-have-the-last-oil-spill
"October 23, 2021 at 10:56AM",The Internet of Grift,TikTok is getting into NFTs . Twitter is thinking about it too . NFTs - non-fungible tokens are somehow back in the spotlight after dipping out once the NBA…,https://ez.substack.com/p/the-internet-of-grift
"October 23, 2021 at 10:56AM",Major Climate Action at Stake in Fight Over Twin Bills Pending in Congress,https://t.co/T604OWw7Vt?amp=1&s=09,https://www.nytimes.com/2021/10/10/climate/climate-action-congress.html
"October 23, 2021 at 11:00AM",A Song for Preventing Overthinking in a New Relationship,"Music as medicine is an old notion, but few artists are actively trying to find the art form’s curative properties more so than the multi-instrumentalist,…",https://www.newyorker.com/culture/listening-booth/a-song-for-preventing-overthinking-in-a-new-relationship
"October 23, 2021 at 11:40AM",Tone Glow 078: Lawrence English,"Lawrence English Lawrence English is a Brisbane, Australia-based field recordist, musician, organizer, and sound theorist. Since the early 2000s, he has…",https://toneglow.substack.com/p/tone-glow-078-lawrence-english
"November 19, 2021 at 08:04AM",Tone Glow 076: Steve Gunn,"Steve Gunn Steve Gunn is a guitarist, songwriter, and improviser from New York City whose music is by turns breezy and enigmatic, earthy and psychedelic. In the…",https://toneglow.substack.com/p/tone-glow-076-steve-gunn
"November 19, 2021 at 08:08AM",How Have Plants Shaped Human Societies? - Scientific American Blog Network,Quinine (Scientific name: Cinchona ) is a plant that has influenced the course of human history. Used for centuries by the indigenous people of the Andes as a…,https://blogs.scientificamerican.com/observations/how-have-plants-shaped-human-societies/
"November 19, 2021 at 08:10AM",Radical Proposal: Data Cooperatives Could Give Us More Power Over Our Data,https://hai.stanford.edu/news/radical-proposal-data-cooperatives-could-give-us-more-power-over-our-data,https://hai.stanford.edu/news/radical-proposal-data-cooperatives-could-give-us-more-power-over-our-data
"November 19, 2021 at 08:11AM","COVID’s lessons for climate, sustainability and more from Our World in Data",https://t.co/cnEp5SrVuG?amp=1&s=09,https://www.nature.com/articles/d41586-021-02691-4
"November 19, 2021 at 08:17AM",Introducing $STREAM: A new tokenized research framework for the … — Mirror,https://waterandmusic.mirror.xyz/ox_BFXwgue_sJjP9J8IQcN-Q7Po-S1RWugM-Nwr4z6Y,https://waterandmusic.mirror.xyz/ox_BFXwgue_sJjP9J8IQcN-Q7Po-S1RWugM-Nwr4z6Y
"November 19, 2021 at 09:14AM",Accelerating climate action: the role of health professionals | The BMJ,"Juliet Dobson , editor, bmj.com , Sophie Cook , editor in chief , Howard Frumkin , professor emeritus , Andy Haines , professor , Kamran Abbasi , executive…",https://www.bmj.com/content/375/bmj.n2425
"December 13, 2021 at 10:38AM",The Best Video Games of 2021,…,https://www.newyorker.com/culture/2021-in-review/the-best-video-games-of-2021
"December 17, 2021 at 08:32AM","Making p5.js. They want us to think technology is a… | by Lauren Lee McCarthy | Processing Foundation | Nov, 2021 | Medium",Lauren Lee McCarthy Nov 29 · 4 min read They want us to think technology is a black box. Accept the terms of service. You can’t know what’s inside. You can’t…,https://medium.com/processing-foundation/making-p5-js-fd293ba91a32
"December 17, 2021 at 09:07AM",David Graeber’s Possible Worlds,"This article was featured in One Great Story , New York ’s reading recommendation newsletter. Sign up here to get it nightly. David Graeber in 1977. Photo:…",https://nymag.com/intelligencer/2021/11/david-graeber-dawn-of-everything.html
"December 17, 2021 at 09:09AM",I Set Out to Build the Next Library of Alexandria. Now I Wonder: Will There Be Libraries in 25 Years?,"W hen I started the Internet Archive 25 years ago, I focused our non-profit library on digital collections: preserving web pages, archiving television news, and…",https://time.com/6108581/internet-archive-future-books/
"January 7, 2022 at 09:20AM",Feeling Data: Aesthetic Empathy in Art and Science Collaborations – Mn Artists,"Essays 1-5-2022 Email Feeling Data: Aesthetic Empathy in Art and Science Collaborations Emily Dzieweczynski How the immersive, sensory experience of art opens…",https://mnartists.walkerart.org/feeling-data-aesthetic-empathy-in-art-and-science-collaborations
"January 11, 2022 at 08:58AM",The Smell of Paradox and the Disequilibrium of Loss – Mn Artists,Essays 8-13-2021 Email The Smell of Paradox and the Disequilibrium of Loss Kaya Lovestrand How the evocative sense of smell and the attentiveness of art can…,https://mnartists.walkerart.org/the-smell-of-paradox-and-the-disequilibrium-of-loss
"January 14, 2022 at 09:24AM",Lessons From Regenerative Agriculture For Home Gardeners,"Faith Givens Nov 11, 2018 · 9 min read Photo by Nikola Jovanovic on Unsplash Regenerative agriculture is a growing movement that seeks to restore soil health by…",https://medium.com/@faithgivens/regenerative-agriculture-home-gardening-2eb7614bc3c9
"January 18, 2022 at 09:22AM",Moleskine Foundation — Story,"Data can be used to describe the details of our daily lives, revealing the hidden patterns that make us who we are. Pentagram partner Giorgia Lupi explores her…",https://www.pentagram.com/work/moleskine-foundation/story
"January 18, 2022 at 09:35AM",Across the ASMRiverse,"It’s not a really secret, but I try not to advertise this. I watch ASMR . A lot. Sometimes in the evening, to wind down. Other times at night when I can’t…",https://erdavis.com/2022/01/12/across-the-asmriverse/
"January 20, 2022 at 08:40AM",Something Has to Give in the Housing Market. Or Does It?,https://www.nytimes.com/2022/01/20/upshot/home-prices-surging.html,https://www.nytimes.com/2022/01/20/upshot/home-prices-surging.html
"January 20, 2022 at 01:24PM",Tech and the fine art of complicity,"What are the opportunities for technology in the arts – and what threats does it pose? Knight Foundation, which recently launched an open call for ideas to use…",https://knightfoundation.org/articles/tech-and-the-fine-art-of-complicity/
"January 20, 2022 at 01:33PM",Same Old — Real Life,https://reallifemag.com/same-old/?utm_source=densediscovery&utm_medium=email&utm_campaign=newsletter-issue-171,https://reallifemag.com/same-old/
"January 20, 2022 at 01:36PM",Psychedelic Socialism From Marcuse to Fisher,https://youtu.be/M6vcCrMsNMQ,https://www.youtube.com/watch?v=M6vcCrMsNMQ
"January 23, 2022 at 08:18AM",Everything Is Wrong: Bernie Krause’s Concept of 'Biophony',https://thereader.mitpress.mit.edu/everything-is-wrong-bernie-krauses-concept-of-biophony/,https://thereader.mitpress.mit.edu/everything-is-wrong-bernie-krauses-concept-of-biophony/
"January 23, 2022 at 08:22AM",On the Need for New Futures,"One of the most curious facts about living as we do today is that our future does not, strictly speaking, exist. This fact has been well elaborated by Bruce…",https://solarpunks.net/post/27525726746/on-the-need-for-new-futures
"January 24, 2022 at 07:53AM",So Loud That it Hurts - Why You Need to Try Data Sonification,"Over the past couple of years, I've been getting deeper and deeper into sonification - the art and science of turning data into sound and music. I've released a…",https://blog.elevatedataviz.com/so-loud-that-it-hurts/
"January 24, 2022 at 07:55AM","Crows Are Self-Aware and 'Know What They Know,' Just Like Humans","Photo by Digital Zoo/Getty Images In what now feels like an annual update, crows are even more surprisingly smart than we thought. But do they have true…",https://getpocket.com/explore/item/crows-are-self-aware-and-know-what-they-know-just-like-humans
"January 24, 2022 at 07:59AM",Meet an Ecologist Who Works for God (and Against Lawns),"A Long Island couple say fighting climate change and protecting biodiversity starts at home. Or rather, right outside their suburban house. Send any friend a…",https://www.nytimes.com/2021/12/03/climate/climate-change-biodiversity.html
"January 25, 2022 at 03:18PM",on crypto art and NFTs — Mirror,https://mirror.xyz/mattdesl.eth/eUrK8MrRfKFJYVKTwi5F4mCIBJEBOYkZ1qaAiDNblIs,https://mirror.xyz/mattdesl.eth/eUrK8MrRfKFJYVKTwi5F4mCIBJEBOYkZ1qaAiDNblIs
"January 26, 2022 at 07:44AM",Avant guardians: The intersection of Art and Psychology,"1 of 3 Emily Dzieweczynski combines two disciplines into her art With bachelor’s degrees in studio art and psychological science from Gustavus Adolphus College,…",https://www.mankatofreepress.com/mankatomagazine/departments/avant-guardians-the-intersection-of-art-and-psychology/article_5f25203c-d1ed-11ea-bc81-a30239da69c9.html
"February 2, 2022 at 07:34AM",Tree Profile: Aspen - So Much More Than a Tree,"Our Forests Overview Find A Forest Your National Forests Magazine Our Forests, Our Water National Forest Week™ COVID-19 and Public Lands Who We Are About NFF…",https://www.nationalforests.org/blog/tree-profile-aspen-so-much-more-than-a-tree
"February 2, 2022 at 07:34AM",Is Old Music Killing New Music?,"Old songs now represent 70 percent of the U.S. music market, according to the latest numbers from MRC Data, a music-analytics firm. Those who make a living from…",https://www.theatlantic.com/ideas/archive/2022/01/old-music-killing-new-music/621339/
"February 2, 2022 at 07:34AM",Deep Dive Into Field Recording,https://www.minimal.audio/blog/field-recording/?_kx=CUCaE5GSbjOdjmYVBxomRLV25s3A6-Bdsg6HJLMl4p2NR8kl_tnX7BJBfqaOPmD9.UBhmJF,https://www.minimal.audio/blog/field-recording/
"February 3, 2022 at 01:16PM",Apocalypse When? Global Warming’s Endless Scroll,"Critic’s Notebook From “Don’t Look Up” to Greta Thunberg videos to doomsaying memes, we are awash in warnings that we are almost out of time. But the climate…",https://www.nytimes.com/2022/02/03/arts/climate-change-doomsday-culture.html
"February 7, 2022 at 07:55AM",What is Generative Art? — Amy Goodchild,An artwork may be generative in some ways and not in others. A piece could have generative aspects even if the artist didn’t have that intention. There are ways…,https://www.amygoodchild.com/blog/what-is-generative-art
"February 7, 2022 at 08:09AM",How to create music with Tone.js · Devbridge,https://www.devbridge.com/articles/tonejs-coding-music-production-guide/,https://www.devbridge.com/articles/tonejs-coding-music-production-guide/
"February 10, 2022 at 07:43AM",Interview: Rich Thomsen – Blokas Reads,https://blokas.io/reads/interview-rich-thomsen/,https://blokas.io/reads/interview-rich-thomsen/
"February 10, 2022 at 01:33PM",The Magic of the Birds,"Go Wild! For the teenage sons of an obsessed birder, a father’s bird-watching habit had become nerdy — until some bold jays in an Ontario park turned dubious…",https://www.nytimes.com/2022/02/08/travel/birdwatching-ontario-alqonquin.html
"February 10, 2022 at 02:14PM","Jenny Slate on Marriage, Movies, and Mollusks","As soon as we’re past the ticket-taker at the gates of the Huntington Botanical Gardens in Pasadena, California, Jenny Slate tells me a story about ducks. “One…",https://www.marieclaire.com/celebrity/jenny-slate-interview-2022/
"February 28, 2022 at 07:56AM","They Fled for Greener Pastures, and There Were Weeds","City dwellers, who retreated to rural areas in the pandemic, now see drawbacks, from pests and social isolation to the difficulty of finding day care and health…",https://www.nytimes.com/2022/02/25/realestate/new-yorkers-return-nyc-pandemic.html
"February 28, 2022 at 08:06AM",Data is Never Abstract,The physical world is a computer Throughout his academic career Dietmar has been contemplating the interactions of social and technological systems. In 2017 he…,https://medium.com/center-for-design/data-is-never-abstract-eccfb660b4c7
"February 28, 2022 at 08:07AM",The New Normal,,https://thenewnormal.is
"February 28, 2022 at 08:08AM",Beyond Precision: Expressiveness in Visualization,"In recent years, I have grown increasingly dissatisfied with the way we teach and talk about data visualization – at least from what I observe in academic…",https://filwd.substack.com/p/beyond-precision-expressiveness-in
"March 16, 2022 at 09:08AM",Music Visualiser with THREE.js & Web Audio API | by ☯ Prakhar Bhardwaj ☯ | Medium,"Final thing first: (Just use a .mp3 / .mp4 / .wav file to see it work. If you are out, you can use this ) The final thing. A Primer on WebAudio API The HTML5’s…",https://medium.com/@mag_ops/music-visualiser-with-three-js-web-audio-api-b30175e7b5ba
"March 16, 2022 at 09:08AM",Virtual Gathering Welcomes Creative Works from 1926 into the Public Domain - Internet Archive Blogs,"Free from copyright restrictions, the public can now enjoy unlimited access to creative works from 1926 including A.A. Milne’s Winnie-the-Pooh , classic silent…",https://blog.archive.org/2022/01/27/virtual-gathering-welcomes-creative-works-from-1926-into-the-public-domain/
"March 22, 2022 at 07:27AM",A Grand Unified Theory of Buying Stuff,https://www.wired.com/story/a-grand-unified-theory-of-buying-stuff/?utm_source=densediscovery&utm_medium=email&utm_campaign=newsletter-issue-180,https://www.wired.com/story/a-grand-unified-theory-of-buying-stuff/
"March 22, 2022 at 08:39AM",Ruggedize Your Life.,https://alexsteffen.substack.com/p/ruggedize-your-life?utm_source=densediscovery&utm_medium=email&utm_campaign=newsletter-issue-180&s=r,https://alexsteffen.substack.com/p/ruggedize-your-life
"March 22, 2022 at 09:59AM",Solar powered dawn poems: progress report,https://posts.decontextualize.com/solar-powered-dawn-poems-progress-report/,https://posts.decontextualize.com/solar-powered-dawn-poems-progress-report
"March 24, 2022 at 02:50PM",Lessons from the COVID data wizards,"Download PDF In March 2020, Beth Blauer started hearing anecdotally that COVID-19 was disproportionately affecting Black people in the United States. But the…",https://www.nature.com/articles/d41586-022-00792-2
"March 24, 2022 at 02:50PM",What Spotify data show about the decline of English | The Economist,Graphic detail Jan 29th 2022 edition Our interactive analysis of five years of hits in 70 countries—and the links between them Jan 29th 2022 B AD BUNNY may not…,https://www.economist.com/interactive/graphic-detail/2022/01/29/what-spotify-data-show-about-the-decline-of-english
"March 24, 2022 at 02:50PM",Modality ⎮ Visualise and analyse all transport options,"A fresh approach to data in the face of climate and social challenges An approach where data highlights the impact of transport plans on citizens, and ensures…",https://with-modality.com
"March 24, 2022 at 02:50PM",burds!,burds! web experiment by Linus inspiration from Loek Vugs open source on GitHub,https://burds.vercel.app/
"March 28, 2022 at 03:32PM",Is Geometry a Language That Only Humans Know?,Neuroscientists are exploring whether shapes like squares and rectangles — and our ability to recognize them — are part of what makes our species special.…,https://www.nytimes.com/2022/03/22/science/geometry-math-brain-primates.html
"March 29, 2022 at 09:46PM",Against Performative Positivity,https://futuress.org/magazine/against-performative-positivity/?utm_source=densediscovery&utm_medium=email&utm_campaign=newsletter-issue-181,https://futuress.org/magazine/against-performative-positivity/
"March 29, 2022 at 09:47PM",Why Life Can’t Be Simpler - Farnam Street,https://fs.blog/why-life-cant-be-simpler/?utm_source=densediscovery&utm_medium=email&utm_campaign=newsletter-issue-177,http://fs.blog/why-life-cant-be-simpler/
"March 29, 2022 at 09:57PM",The Internet Is Just Investment Banking Now,…,https://www.theatlantic.com/technology/archive/2022/02/future-internet-blockchain-investment-banking/621480/
"March 29, 2022 at 09:59PM",I Heard It In A Magazine,"It’s easy to take music technology for granted in the year 2022. We are nearing a century of music synthesis, and access to electronic sounds both new and old…",https://hii-mag.com
"March 29, 2022 at 10:11PM",His software sang the words of God. Then it went silent.,"This would be easier if you could hear it for yourself. I can tell you what TropeTrainer was, what it did, and what it meant to people. I can tell you about the…",https://www.inputmag.com/features/tropetrainer-thomas-buchler-torah-software
"April 4, 2022 at 08:18AM","TITAA #28: Visual Poetry, Humans and Humanoids",https://arnicas.substack.com/p/titaa-28-visual-poetry-humans-and,https://arnicas.substack.com/p/titaa-28-visual-poetry-humans-and
"April 19, 2022 at 08:18AM",Ambient Music Isn’t a Backdrop. It’s an Invitation to Suspend Time.,https://www.nytimes.com/2022/04/14/arts/music/ambient-music.html,https://www.nytimes.com/2022/04/14/arts/music/ambient-music.html
"April 19, 2022 at 08:43AM",How Kinopio is Made,"You’ve probably heard, or lived, a story that goes like this… I’m tired of technology . I’m leaving to do something real like sculpt clay, work wood, herd…",http://pketh.org/how-kinopio-is-made.html
"April 19, 2022 at 08:45AM","Mushrooms communicate with each other using up to 50 ‘words’, scientist claims","Buried in forest litter or sprouting from trees, fungi might give the impression of being silent and relatively self-contained organisms, but a new study…",https://www.theguardian.com/science/2022/apr/06/fungi-electrical-impulses-human-language-study
"April 19, 2022 at 08:47AM","That which is unique, breaks",https://simonsarris.substack.com/p/that-which-is-unique-breaks?r=987v,https://simonsarris.substack.com/p/that-which-is-unique-breaks
"April 19, 2022 at 08:50AM",When Accuracy Isn’t Enough: Visualization and Game Design,https://link.medium.com/bCqEZFAmkpb,https://towardsdatascience.com/when-accuracy-isnt-enough-visualization-and-game-design-48b95425130a
"April 22, 2022 at 09:11AM",DRAW YOUR FEELINGS,https://jazzmyth.substack.com/p/draw-your-feelings?s=r,https://jazzmyth.substack.com/p/draw-your-feelings
"April 22, 2022 at 09:11AM",DRAW YOUR FEELINGS,https://jazzmyth.substack.com/p/draw-your-feelings?s=r,https://jazzmyth.substack.com/p/draw-your-feelings
"April 25, 2022 at 09:27AM","Glowy, Gauzy Diagrams Are the Self-help Books of the Instagram Age","Digital Using design to process our relentless age of anxiety. Words by Margaret Rhodes Published on February 11th, 2021 Tessa Forrest A deceptively simple…",https://eyeondesign.aiga.org/group-therapy-with-the-designers-behind-the-self-help-diagrams-youre-seeing-on-instagram/
"April 26, 2022 at 02:54PM",A comprehensive catalogue of human digestive tract bacteria,"The human digestive tract is home to thousands of different strains of bacteria. Many of these are beneficial, while others contribute to health problems such…",https://news.mit.edu/2019/catalogue-human-digestive-gut-bacteria-0902
"April 26, 2022 at 09:56PM",Why Libraries May Never Stop Being People Places,A curbside reading room outside the Crown Heights branch of the Brooklyn Public Library. Credit... Gregg Richards Redesigned buildings with outdoor gathering…,https://www.nytimes.com/2022/04/21/style/libraries-outdoor-public-space.html
"April 26, 2022 at 09:57PM",The botmaker who sees through the Internet - The Boston Globe,"Darius Kazemi builds ""bots,"" small, automated programs that create mischievous/funny/poignant Twitter feeds, or other randomly generated things that cleverly…",https://www.bostonglobe.com/ideas/2014/01/24/the-botmaker-who-sees-through-internet/V7Qn7HU8TPPl7MSM2TvbsJ/story.html
"April 27, 2022 at 09:31AM",A Web Renaissance,"Thanks to the mistrust of big tech, the creation of better tools for developers, and the weird and wonderful creativity of ordinary people, we’re seeing an…",https://anildash.com/2022/04/13/a-web-renaissance/
"April 29, 2022 at 08:34AM",Loon – Finding the Right Cancer Drug with Microscopy and Visualization OR How to use Exemplars to Effectively Browse Large Complex Data Sources,"In this blog post, we want to tell two stories: First, we want to explore how visualization can be used to select cancer treatments. And second, we want to tell…",https://vdl.sci.utah.edu/blog/2022/04/27/loon/
"April 29, 2022 at 08:44AM",Subscapes (Part 3 – Code),https://mattdesl.substack.com/p/subscapes-part-3,https://mattdesl.substack.com/p/subscapes-part-3
"April 29, 2022 at 08:45AM",On NYT Magazine on AI: Resist the Urge to be Impressed,"Context On April 15, 2022, Steven Johnson published a piece in the New York Times Magazine entitled “A.I. Is Mastering Language. Should We Trust What It Says?”…",https://medium.com/@emilymenonbender/on-nyt-magazine-on-ai-resist-the-urge-to-be-impressed-3d92fd9a0edd
"April 29, 2022 at 08:45AM",AB 101: Historical Figures in Generative Art — Georg Nees,https://link.medium.com/PeS40GS1Tmb,https://medium.com/the-link-art-blocks/ab-101-historical-figures-in-generative-art-georg-nees-6b006e62126a
"April 29, 2022 at 08:46AM",Ask Kenn Kaufman: What's the Best Way to Become a Better Birder?,https://www.audubon.org/news/ask-kenn-kaufman-whats-best-way-become-better-birder,https://www.audubon.org/news/ask-kenn-kaufman-whats-best-way-become-better-birder
"May 3, 2022 at 08:41AM",24 Hours in the Creative Life,"Advice to a: Young Artist MidCareer Artist Late-career Artist Marilyn Minter Jason Schmidt/Courtesy of Marilyn Minter Marilyn Minter, 73, visual artist Don’t do…",https://www.nytimes.com/interactive/2022/04/21/t-magazine/culture-issue-creative-life-artists.html
"May 3, 2022 at 08:57AM",The Genres of Data Stories,https://blog.elevatedataviz.com/the-types-of-data-stories/,https://blog.elevatedataviz.com/the-types-of-data-stories/
"May 3, 2022 at 09:10AM",MRI of the Earth · Variable - new ways of experiencing data | https://variable.io,"The story Refik Anadol and Google Arts & Culture - MRI of the Earth We often hear the big numbers about climate change, but making them relatable is another…",https://variable.io/mri-of-the-earth
"May 3, 2022 at 09:12AM",Probable Futures,"What do these small-sounding numbers mean to you? They are now widely used in the context of climate change, but few of us have the tools to understand them and…",https://probablefutures.org/
"May 10, 2022 at 01:20PM",Using Google Sheets as database,(feature image by Vincent Botta ) Motivation Sometimes you just need a simple database and also the ability to have a really simple way to edit the data in a…,https://blog.codecentric.de/en/2019/03/using-google-sheets-as-database/
"May 10, 2022 at 01:22PM",Deadly Data Gaps: How Lack of Information Harms Refugee Policy Making,…,https://www.newsdeeply.com/refugees/community/2017/07/13/deadly-data-gaps-how-lack-of-information-harms-refugee-policy-making
"May 10, 2022 at 01:25PM",The BuzzFeedification of Mental Health,https://mentalhellth.xyz/p/the-buzzfeed-ification-of-mental?utm_source=densediscovery&utm_medium=email&utm_campaign=newsletter-issue-163,https://mentalhellth.xyz/p/the-buzzfeed-ification-of-mental
"May 10, 2022 at 01:27PM",Data-Driven Storytelling: Making Civic Data Accessible with Audio.,"The summary below includes audio embeds that are an integral element of the story. In assessing the impact of the project, the process is as important to us as…",https://medium.com/sonify/data-driven-storytelling-making-civic-data-accessible-with-audio-1bc4fc17429f
"May 10, 2022 at 01:44PM",10 ways to use fewer colors in your data visualizations - Datawrapper Blog,"Blog Product Product Datawrapper lets you show your data as beautiful charts, maps or tables with a few clicks. Find out more about all the available…",https://blog.datawrapper.de/10-ways-to-use-fewer-colors-in-your-data-visualizations/
"May 22, 2022 at 08:18PM",Forget About Perfection. Embrace ‘Mamahuhu.’,…,https://www.nytimes.com/2022/05/18/magazine/mamahuhu-life.html
"June 2, 2022 at 01:44PM",The Arrow in America’s Heart,https://www.nytimes.com/2022/05/31/us/america-grief-life.html,https://www.nytimes.com/2022/05/31/us/america-grief-life.html
"June 27, 2022 at 12:07PM",Trends are dead,https://www.vox.com/the-goods/23065462/trends-death-subcultures-style,https://www.vox.com/the-goods/23065462/trends-death-subcultures-style
"June 27, 2022 at 12:08PM",What’s Your Rate of Inflation?,"The numbers above are derived from the Consumer Price Index, the best-known measure of inflation. The C.P.I. is based on a “basket of goods”: The prices of…",https://www.nytimes.com/interactive/2022/05/08/business/economy/inflation-calculator.html
"June 27, 2022 at 12:08PM",Nodes – a new way to create with code | https://nodes.io,The Story Intro Nodes is a JavaScript-based 2D canvas for computational thinking. It’s powered by web technologies and the npm ecosystem. We take inspiration…,https://nodes.io
"June 27, 2022 at 12:09PM",The Era of Borderless Data Is Ending,"Nations are accelerating efforts to control data produced within their perimeters, disrupting the flow of what has become a kind of digital currency. Send any…",https://www.nytimes.com/2022/05/23/technology/data-privacy-laws.html
"June 27, 2022 at 12:12PM",First steps in WebGL,In this article we'll see what WebGL is and how to draw a triangle by talking to the graphics processing unit (GPU). Although this simple example could be…,https://aralroca.com/blog/first-steps-in-webgl
"June 27, 2022 at 12:17PM",Notes on a genre,https://www.robinsloan.com/lab/notes-on-a-genre/?utm_source=duncangeere&utm_medium=email,https://www.robinsloan.com/lab/notes-on-a-genre/
"June 27, 2022 at 12:24PM",Making this album with AI ‘felt like wandering in an enormous labyrinth’,"‘Shadow Planet’ was made by Robin Sloan and Jesse Solomon Clark, aka The Cotton Modules, using OpenAI’s Jukebox AI music model. The scare is over and the fun…",https://www.theverge.com/2021/10/28/22750337/shadow-planet-ai-robin-sloan-jesse-solomon-clark
"June 27, 2022 at 12:27PM",Data sonification - turning numbers into sound and music - Process - lines,"radioedit 8d I’ve been promising to start a data sonification thread for a while, and so here it is. I thought it’d be fun to chat a little about the art and…",https://llllllll.co/t/data-sonification-turning-numbers-into-sound-and-music/54930/23?utm_source=duncangeere&utm_medium=email
"June 27, 2022 at 12:28PM",Building a Musical Instrument with the Web Audio API,https://www.taniarascia.com/musical-instrument-web-audio-api/,https://www.taniarascia.com/musical-instrument-web-audio-api/
"June 27, 2022 at 12:35PM",The Game Is Rigged: Rethinking The Creator Economy | What Works with Tara McMullin,https://explorewhatworks.com/rethinking-creator-economy-gina-bianchini/?utm_source=densediscovery&utm_medium=email&utm_campaign=newsletter-issue-189,https://explorewhatworks.com/rethinking-creator-economy-gina-bianchini/
"June 27, 2022 at 09:29PM",The Wild History of the Real ‘Only Murders’ Building,https://www.nytimes.com/2022/06/27/realestate/only-murders-in-the-building-belnord-arconia.html,https://www.nytimes.com/2022/06/27/realestate/only-murders-in-the-building-belnord-arconia.html
"July 12, 2022 at 12:40PM","Is the World Really Falling Apart, or Does It Just Feel That Way?",https://www.nytimes.com/2022/07/12/world/interpreter-world-falling-apart.html,https://www.nytimes.com/2022/07/12/world/interpreter-world-falling-apart.html
"July 13, 2022 at 11:26AM",Finding peace on a 72-hour train across America,"In Iowa, I had dinner with an elderly woman who introduced herself only as “Mrs. Alvarez.” The train was rocking from side-to-side as it shot forward in the…",https://www.nationalgeographic.com/travel/article/finding-peace-on-a-72-hour-train-across-america
"July 13, 2022 at 11:26AM",The way we view free time is making us less happy,"Some people try to make every hour of leisure perfect, while others hate taking time off altogether. Have we forgotten how to enjoy free time? L Leisure is the…",https://www.bbc.com/worklife/article/20210914-the-way-we-view-free-time-is-making-us-less-happy
"July 19, 2022 at 08:17AM",Murmurations: Returning to the Whole,"“What time is it on the clock of the world?” My mentor Grace Lee Boggs used to ask this question all the time, to anyone who came to visit and learn with her,…",https://www.yesmagazine.org/opinion/2022/06/29/murmurations-healing-inner-accountability
"July 19, 2022 at 03:18PM",Value Beyond Instrumentalization — Letters to a Young Technologist,https://letterstoayoungtechnologist.com/Value-Beyond-Instrumentalization,https://letterstoayoungtechnologist.com/Value-Beyond-Instrumentalization
"July 19, 2022 at 03:20PM",They Did Their Own ‘Research.’ Now What?,https://www.nytimes.com/2022/05/29/style/do-your-own-research.html?utm_source=densediscovery&utm_medium=email&utm_campaign=newsletter-issue-194,https://www.nytimes.com/2022/05/29/style/do-your-own-research.html
"July 19, 2022 at 03:21PM",Feminist Data Manifest-No,#ERROR!,https://www.manifestno.com
"July 21, 2022 at 11:53AM",Web 3.0: The Third Generation Web is Coming,https://lifeboat.com/ex/web.3.0,https://lifeboat.com/ex/web.3.0
"July 25, 2022 at 01:22PM",Maggie Rogers’s Higher Calling,Musicians often talk about seeking the divine in their work. The 28-year-old singer-songwriter went to Harvard to study it as she made her second major-label…,https://www.nytimes.com/2022/07/24/arts/music/maggie-rogers-surrender.html
"July 26, 2022 at 12:15PM",Opinion | Your Kids Are Not Doomed,https://www.nytimes.com/2022/06/05/opinion/climate-change-should-you-have-kids.html?utm_source=densediscovery&utm_medium=email&utm_campaign=newsletter-issue-198,https://www.nytimes.com/2022/06/05/opinion/climate-change-should-you-have-kids.html
"July 26, 2022 at 12:34PM",How Harmful Is Social Media?,…,https://www.newyorker.com/culture/annals-of-inquiry/we-know-less-about-social-media-than-we-think
"July 26, 2022 at 02:16PM",The Hybrid Artist: An All-Rounder in the Cultural Field,"The Hybrid Artist , as described by de Winkel et al. (2012), is an artist that uses ideas from different disciplines to expand their practice and explore…",https://www.diggitmagazine.com/papers/hybrid-artist-all-rounder
"July 26, 2022 at 02:45PM",The world is awful. The world is much better. The world can be much better.,"It is wrong to think that these three statements contradict each other. We need to see that they are all true to see that a better world is possible. July 20,…",https://ourworldindata.org/much-better-awful-can-be-better
"August 3, 2022 at 07:59AM","What Is Material Design? Definition, Uses, and Examples | Elementor",https://elementor.com/blog/what-is-material-design/,https://elementor.com/blog/what-is-material-design/
"August 3, 2022 at 11:30AM",When more Covid-19 data doesn’t equal more understanding,https://news.mit.edu/2021/when-more-covid-data-doesnt-equal-more-understanding-0304,https://news.mit.edu/2021/when-more-covid-data-doesnt-equal-more-understanding-0304
"August 3, 2022 at 11:30AM",What can go wrong?,Above: An example of a “deficit framed” chart showing hypothetical racial outcome disparities in education. Avoid charts like this! This article was co-authored…,https://3iap.com/what-can-go-wrong-racial-equity-data-visualization-deficit-thinking-VV8acXLQQnWvvg4NLP9LTA/
"August 4, 2022 at 12:54PM",“Dispersion & Disparity” Research Project Results,Which of these two charts leads viewers to “blame the person“ (e.g. “Group C had worse results because of who they are“)? Which encourages blaming the…,https://3iap.com/dispersion-disparity-equity-centered-data-visualization-research-project-Wi-58RCVQNSz6ypjoIoqOQ/
"August 4, 2022 at 12:59PM",The story of WebGPU — The successor to WebGL,"WebGPU is the successor to WebGL. It is still a bleeding edge technology, and it’s turned off by default in all browsers (if available at all). The API is very…",https://eytanmanor.medium.com/the-story-of-webgpu-the-successor-to-webgl-bf5f74bc036a
"August 4, 2022 at 01:00PM",My Process for Creating Visual Metaphors,"When a designer uses a visual metaphor, they can seamlessly transfer information to our brain, while the same information read from a book would make our eyes…",https://blog.elevatedataviz.com/a-process-for-creating-visual-metaphors/
"August 4, 2022 at 01:03PM",Nicole Kelner uses watercolors to illustrate climate change,"Sometimes, Nicole Kelner’s watercolor art demonstrates the shrinking population of monarch butterflies, or calls attention to the benefits associated with…",https://www.theverge.com/22960579/colors-of-climate-nicole-kelner-watercolors-diy
"August 16, 2022 at 10:01AM",Interview: One Universe Music – Blokas Reads,https://blokas.io/reads/interview-one-universe-music/?s=09,https://blokas.io/reads/interview-one-universe-music/
"August 16, 2022 at 10:06AM",What is graph uncertainty and how can analysts visualize probabilistic graphs?,https://link.medium.com/qrgoRRtepsb,https://medium.com/multiple-views-visualization-research-explained/what-is-graph-uncertainty-and-how-can-analysts-visualize-probabilistic-graphs-5f0d91eed37a
"August 16, 2022 at 10:09AM",Deployment of outbreak-simulating app on college campuses reveals hidden transmission pathways,https://www.broadinstitute.org/news/deployment-outbreak-simulating-app-college-campuses-reveals-hidden-transmission-pathways?s=09,https://www.broadinstitute.org/news/deployment-outbreak-simulating-app-college-campuses-reveals-hidden-transmission-pathways
"August 16, 2022 at 12:12PM",Looking Beyond User-Centered Design,"User-centered design has served the digital community well. So well, in fact, that I’m worried its dominance may actually be limiting our field. The terms “user…",https://alistapart.com/column/looking-beyond-user-centered-design/
"August 16, 2022 at 12:48PM",Human centred design considered harmful – Jussi Pasanen,"In the 1990’s, I worked as a programmer and a software developer. Back then, using computer software was quite difficult for the layperson. I moved into the…",https://www.jussipasanen.com/human-centred-design-considered-harmful/
"August 16, 2022 at 12:50PM",Putting users first is not the answer to everything,"User-centred, user need, user story, person-centred — hmm, I’m trying to think of some other variations, I’m sure there’s more! In the mid 2000’s organisations…",https://medium.com/doteveryone/putting-users-first-is-not-the-answer-to-everything-dd05b9f11b5
"August 16, 2022 at 01:00PM","Beyond human-centred design, to?","Counter-balance design, Collective awareness design, Worker-centred design, Relational design, Beyond-human design, Ecosystem design, Consequence design,…",https://cassierobinson.medium.com/beyond-human-centred-design-to-501a994f3123
"August 17, 2022 at 11:44AM",We are mistaking wants for needs and it is costing us the world – Jussi Pasanen,"As consumers, we always want more, and we are very good at justifying these wants as needs. I discuss how to separate wants from needs, why it is important in a…",https://www.jussipasanen.com/mistaking-wants-for-needs/
"August 22, 2022 at 03:53PM",Banning exploration in my infovis class,https://link.medium.com/FrW4vqgwDsb,https://medium.com/@eytanadar/banning-exploration-in-my-infovis-class-9578676a4705
"August 22, 2022 at 04:03PM",Ten quick tips for teaching programming,"Citation: Brown NCC, Wilson G (2018) Ten quick tips for teaching programming. PLoS Comput Biol 14(4): e1006023. https://doi.org/10.1371/journal.pcbi.1006023…",https://journals.plos.org/ploscompbiol/article?id=10.1371/journal.pcbi.1006023
"August 23, 2022 at 02:37PM",MIT scientists discover new antiviral defense system in bacteria,https://news.mit.edu/2022/mit-scientists-discover-new-antiviral-defense-system-bacteria-0811?s=09,https://news.mit.edu/2022/mit-scientists-discover-new-antiviral-defense-system-bacteria-0811
"August 23, 2022 at 02:42PM",The History of User Interfaces,https://history.user-interface.io/?utm_source=densediscovery&utm_medium=email&utm_campaign=newsletter-issue-202,https://history.user-interface.io/?utm_campaign=newsletter-issue-202&utm_medium=email&utm_source=densediscovery
"August 23, 2022 at 02:47PM","Noosphere, a protocol for thought",https://subconscious.substack.com/p/noosphere-a-protocol-for-thought?r=36wy1&utm_medium=ios,https://subconscious.substack.com/p/noosphere-a-protocol-for-thought
"August 23, 2022 at 02:49PM",#373: On Time Scales,"To shore up some book research a couple of weekends ago, I visited a meditation center near Ann Arbor on what happened to be their tenth anniversary. At the…",https://www.jackcheng.com/sunday/373-on-time-scales/
"August 26, 2022 at 01:34PM",Opinion | Tel Aviv allowing kids to see Israel’s actual border shouldn’t be controversial,"When the schoolkids of Tel Aviv return from summer vacation, they are likely to find something utterly unfamiliar taped or tacked to a wall of their classrooms,…",https://www.washingtonpost.com/opinions/2022/08/25/israel-map-green-line-border-school/
"August 26, 2022 at 01:40PM",We Need to Talk About How Good A.I. Is Getting,https://www.nytimes.com/2022/08/24/technology/ai-technology-progress.html,https://www.nytimes.com/2022/08/24/technology/ai-technology-progress.html
"August 26, 2022 at 02:03PM","Sonification and sound design for astronomy research, education and public engagement - Nature Astronomy",Abstract Over the past ten years there has been a large increase in the number of projects using sound to represent astronomical data and concepts. Motivation…,https://www.nature.com/articles/s41550-022-01721-z
"August 31, 2022 at 08:08AM",How Thoreau Helped Make Walden Pond One Of The Best Places To Study Climate Change In The U.S.,https://www.wbur.org/news/2017/07/12/studying-climate-change-walden-pond,https://www.wbur.org/news/2017/07/12/studying-climate-change-walden-pond
"August 31, 2022 at 08:19AM",Specifying Spring '83,https://www.robinsloan.com/lab/specifying-spring-83/?utm_source=duncangeere&utm_medium=email,https://www.robinsloan.com/lab/specifying-spring-83/
"August 31, 2022 at 08:25AM",Opening the Pandora's Box of AI Art - Waxy.org,https://waxy.org/2022/08/opening-the-pandoras-box-of-ai-art/?s=09,https://waxy.org/2022/08/opening-the-pandoras-box-of-ai-art/
"August 31, 2022 at 01:11PM","4.2 Gigabytes, or: How to Draw Anything",https://andys.page/posts/how-to-draw/?s=09,https://andys.page/posts/how-to-draw/
"September 5, 2022 at 08:27AM",Hallucinating with art models – Monica Dinculescu,https://meowni.ca/posts/hallucinations/?s=09#boring-uses-of-interesting-models,https://meowni.ca/posts/hallucinations/?s=09
"September 5, 2022 at 08:29AM",Doing the work – Monica Dinculescu,"(This is a post mostly about art but I swear there’s a moral in here for all you tech readers, or at leasta discounted therapy lesson.) As you may have noticed…",https://meowni.ca/posts/doing-the-work/
"September 5, 2022 at 08:38AM",‘Magic in Her Hands.’ The Woman Bringing India’s Forests Back to Life,https://www.nytimes.com/2022/09/02/world/asia/deforestation-india-tulsi-gowda.html,https://www.nytimes.com/2022/09/02/world/asia/deforestation-india-tulsi-gowda.html
"September 5, 2022 at 08:43AM",Alex's notes — Do androids grow electric plants?,Alex's notes twitter instagram ⚠️ Warning! This post is in a unfinished draft state. Placeholder sketches appearinstead of interactive simulations. ⚠️ Animation…,https://notes.spacefiller.space/living-wall/
"September 5, 2022 at 08:43AM",What is ‘the Merge’?,https://www.nytimes.com/2022/08/26/technology/what-is-the-merge.html,https://www.nytimes.com/2022/08/26/technology/what-is-the-merge.html
"September 9, 2022 at 07:42AM",Data Memos,https://link.medium.com/jriAHfqhbtb,https://medium.com/@giorgialupi/data-memos-3927ab7e822a
"September 9, 2022 at 07:52AM","Finding Your Voice, with Herbert Lui’s new book ""Creative Doing"" - Interintellect",https://interintellect.com/creative-doing-by-herbert-lui/,https://interintellect.com/creative-doing-by-herbert-lui/
"September 9, 2022 at 09:34AM",How car culture colonised our thinking – and our language,"When we block traffic from a street, like for a sports event or a street party, we say that the street is “closed”. But who is it closed for? For motorists. But…",https://www.theguardian.com/environment/bike-blog/2022/aug/31/how-car-culture-colonised-our-thinking-and-our-language
"September 13, 2022 at 04:15PM","We Are Not Living in a Simulation, We Are Living In the Past",https://theconvivialsociety.substack.com/p/we-are-not-living-in-a-simulation,https://theconvivialsociety.substack.com/p/we-are-not-living-in-a-simulation
"September 13, 2022 at 04:26PM",The Age of Algorithmic Anxiety,"Late last year, Valerie Peter, a twenty-three-year-old student in Manchester, England, realized that she had an online-shopping problem. It was more about what…",https://www.newyorker.com/culture/infinite-scroll/the-age-of-algorithmic-anxiety
"September 16, 2022 at 11:51AM",From Data to Music – Pd as a Sonification Tool for Algorithmic Composition,"Music is a physical phenomena: we can hear and sometimes feel sound waves, we can look at printed scores and chord charts and hold CD’s but these contain only a…",http://www.algorithmiccomposer.com/2016/01/from-data-to-music-pd-as-sonification.html
"September 16, 2022 at 12:00PM","When the Big One Hits Portland, Cargo Bikers Will Save You","The Rose Festival is Portland, Oregon’s biggest event of the year. There’s a waterfront carnival, a flower show, car races, and footraces. The marquee event is…",https://www.wired.com/story/when-the-big-one-hits-portland-cargo-bikers-will-save-you/
"September 20, 2022 at 08:10AM",unselfing.social,"Somewhere along the way, in the century of the self, we forgot each other. We forgot this vast and wonder-filled universe, of which we are each but a tiny and…",https://unselfing.social/
"September 23, 2022 at 09:31AM",Opinion | Mental Health Is Political,Credit...Nico Krijno What if the cure for our current mental health crisis is not more mental health care? The mental health toll of the Covid-19 pandemic has…,https://www.nytimes.com/2022/09/20/opinion/us-mental-health-politics.html
"October 3, 2022 at 01:54PM",A 95-Square-Foot Tokyo Apartment: ‘I Wouldn’t Live Anywhere Else’,"Meet the young Japanese who have decided to live in a shoe box. Yugo Kinoshita, 19, in his apartment in Tokyo.Credit...Noriko Hayashi for The New York Times…",https://www.nytimes.com/2022/10/03/business/tiny-apartments-tokyo.html
"October 13, 2022 at 01:12PM",Opinion | I’m the father of a trans boy in Florida. ‘Don’t say gay’ is working as intended.,https://www.washingtonpost.com/opinions/2022/10/13/dont-say-gay-florida-desantis-lgbtq-discrimination/?s=09,https://www.washingtonpost.com/opinions/2022/10/13/dont-say-gay-florida-desantis-lgbtq-discrimination/
"October 19, 2022 at 01:14PM",Rewilding Cities,https://link.medium.com/uRIzRtmw2tb,https://clivethompson.medium.com/rewilding-cities-b654e8abf7fb
"October 21, 2022 at 02:03PM",A.I.-Generated Art Is Already Transforming Creative Work,"Only a few months old, apps like DALL-E 2, Midjourney and Stable Diffusion are changing how filmmakers, interior designers and other creative professionals do…",https://www.nytimes.com/2022/10/21/technology/ai-generated-art-jobs-dall-e-2.html
"October 21, 2022 at 02:09PM",Will AI make artists obsolete? | Prospect Magazine,https://www.prospectmagazine.co.uk/science-and-technology/will-artificial-intelligence-make-artists-jobs-obsolete?s=09,https://www.prospectmagazine.co.uk/science-and-technology/will-artificial-intelligence-make-artists-jobs-obsolete
"October 25, 2022 at 08:08AM",How can we tell when a responsive visualization retains the message of a source view?,https://link.medium.com/4YrhA0vepsb,https://medium.com/multiple-views-visualization-research-explained/how-can-we-tell-when-a-responsive-visualization-retains-the-message-of-a-source-view-fc30e70449dd
"October 25, 2022 at 08:08AM",Perpetual Plastic — Beach debris reveals the fate of all plastic ever made,"Beach debris reveals the fate of all plastic ever made A project by Liina Klauss , Skye Morét and Moritz Stefaner . First prize at the National Geographic Ocean…",https://perpetual-plastic.net/
"October 25, 2022 at 08:17AM",These 10 Latin American Sound Artists Are Expanding What Ambient Music Can Be,https://pitchfork.com/thepitch/these-latin-american-sound-artists-are-expanding-what-ambient-music-can-be/,https://pitchfork.com/thepitch/these-latin-american-sound-artists-are-expanding-what-ambient-music-can-be/